"","woman","urban","Z","dose","score"
"1",0,1,1,6.82958976682785,182.370567776833
"2",0,1,1,4.83822296877218,110.931478002805
"3",0,0,0,0.644709734770465,79.1069784839076
"4",1,1,1,6.17095026741061,189.733720235454
"5",0,1,0,5.78768662253111,157.597497416305
"6",0,1,0,1.20031200469303,92.7448830204671
"7",0,1,0,3.11228562151675,80.7734527229477
"8",0,1,1,6.17678956725058,208.352277571193
"9",0,0,1,3.04710733755739,118.721913243172
"10",0,0,0,2.18217529418197,119.129132028609
"11",0,1,1,5.80387133083277,166.941905854716
"12",0,1,0,4.13590650068011,160.260209551077
"13",1,1,1,5.27383577474875,154.837687349095
"14",0,0,0,4.27673434147265,177.463296024622
"15",0,1,0,2.80564455108377,140.664605202481
"16",0,1,0,3.31195471462018,139.810159324682
"17",0,1,0,3.62673914500345,121.457092042738
"18",1,0,1,2.75537516837509,158.952019882797
"19",1,0,1,2.63618823284202,149.563759641444
"20",0,0,1,3.02616287937092,122.70780788284
"21",0,0,1,2.57026310879738,138.70098957625
"22",0,1,1,7.17497481323682,179.715516834879
"23",1,1,0,1.80663880062683,168.015510386738
"24",1,0,1,4.06599430878882,193.309017546703
"25",0,0,0,1.62662286151494,91.3300331280933
"26",0,1,1,4.60188068233211,143.909180693233
"27",1,1,1,3.45040515648358,98.6561433697923
"28",0,1,0,3.90236359670354,150.441892852676
"29",0,1,1,4.2802011568625,118.345469249282
"30",0,1,1,6.00848135981551,180.982046412331
"31",0,1,1,4.92301750747858,146.821821912572
"32",0,0,1,2.9020601081325,83.6520119828836
"33",0,1,1,5.54286975071606,168.768265270997
"34",0,1,1,4.21482990361456,125.095632500011
"35",0,1,1,4.64568742520254,138.688878267581
"36",0,1,0,4.78880671258746,130.401371207354
"37",0,1,0,3.26240417723712,95.6863240784401
"38",1,0,0,0,79.4373484651807
"39",1,0,0,0,116.151801829902
"40",1,1,0,2.49501189714719,140.225885481377
"41",1,1,0,2.31359943289754,141.966593096385
"42",0,1,0,2.91263904480153,155.853960338092
"43",0,1,1,6.85922397653946,201.25737371576
"44",0,1,1,4.19076126083129,167.281031549674
"45",1,1,1,3.58852984647136,137.13086650272
"46",1,0,0,0.69133319916122,140.925215016464
"47",0,1,0,2.57691195736991,126.471615645201
"48",1,1,1,4.00495675886966,164.363425496682
"49",0,0,0,2.00150710196964,96.7528041829787
"50",0,1,1,6.05752831140765,177.002042614624
"51",0,0,0,2.24283568560285,148.018710918289
"52",0,0,0,1.48278264767261,121.933079172205
"53",0,1,0,2.99104985432264,99.2817483940754
"54",0,1,0,5.24126904089677,212.817678493814
"55",0,0,1,3.4796755694059,98.0768228465901
"56",1,1,0,3.07545962026793,149.446745014135
"57",0,1,1,7.18689717370398,219.968258679083
"58",1,1,1,3.96757983496407,145.624175005768
"59",0,1,0,4.91219043936613,185.769137792157
"60",0,1,1,5.60099659369271,144.039351152715
"61",0,1,0,3.2491858647504,158.879112927283
"62",0,1,0,3.95291994209329,143.566001453968
"63",0,0,0,3.11037353382207,136.479947529938
"64",0,0,0,1.24623348555057,62.17887632621
"65",0,0,0,1.48304607726722,122.586850725308
"66",0,0,0,1.61899495829641,90.113353176003
"67",0,1,1,3.71082611409974,116.664199099073
"68",1,1,1,5.35365111413564,193.745518803033
"69",0,0,0,3.2821661357246,180.181750661819
"70",0,0,0,3.21764689488572,187.24858506359
"71",0,0,0,2.06210985060195,105.69405648881
"72",0,1,0,2.42693439159603,131.157651100781
"73",0,1,0,3.66331973071904,111.501555422395
"74",1,0,1,2.32760244360311,94.7434404681045
"75",1,0,1,1.24887979630861,138.979608486618
"76",1,1,1,4.06236398689991,196.778595951627
"77",0,1,1,5.54814371708498,162.158553754505
"78",0,1,0,4.48552522526532,183.686803150857
"79",0,1,0,2.74142252768422,125.2907637525
"80",0,0,1,2.05630317499249,103.487956342055
"81",1,1,1,4.02481932291672,173.270867654507
"82",0,0,0,2.54754499513255,98.8698607487349
"83",1,1,0,2.50201533185282,112.537114651822
"84",1,1,1,3.77275318615463,174.745989749435
"85",1,1,0,0.037416707156305,44.5837214686249
"86",0,1,0,4.41825919209232,156.110823369248
"87",0,1,0,3.34902584860473,93.2041105069193
"88",0,1,1,5.2222268576349,150.188089614989
"89",0,0,0,4.15180614727423,132.445835508061
"90",0,1,0,2.35785654210833,123.931239771217
"91",1,1,1,3.61366686280311,178.594078740376
"92",0,1,0,1.95515755992315,117.481131750947
"93",0,0,0,0.677830641957481,102.405913849958
"94",0,0,0,1.56380544097468,115.256842235515
"95",0,1,0,4.5180519538267,151.813557346241
"96",0,0,1,2.05813226408703,110.26708169957
"97",0,0,0,1.08508613023642,110.44394729513
"98",0,1,0,3.23696397549147,149.637963507364
"99",0,1,1,5.30573694543186,146.88596098109
"100",1,1,0,1.8191831530089,117.397171999529
"101",0,0,1,4.96523631559554,152.442703861061
"102",1,1,1,3.82211521166853,125.100490081154
"103",0,1,0,3.80103748490506,171.378999745052
"104",0,1,0,2.8575276304081,114.367760127042
"105",0,1,0,3.21406188857719,141.056071192398
"106",0,0,0,2.92017607429733,141.038107017133
"107",1,0,1,1.60912387739611,145.016355727533
"108",0,1,0,2.17391346532919,100.576662549093
"109",0,1,0,3.93320850597558,155.703915228214
"110",0,0,0,0.53786346474893,94.8520560884396
"111",0,1,1,5.50100356018904,179.348743735469
"112",0,1,1,4.90558240794507,172.499374835269
"113",0,0,0,1.80742622279772,85.3092383936664
"114",1,1,0,2.74890834667788,160.997508910974
"115",1,1,0,3.26267741185468,206.355276355175
"116",0,0,0,2.8326163238501,153.10039962892
"117",0,0,0,2.3982635388819,127.962033926781
"118",1,1,1,5.51723258743502,208.417621625937
"119",1,1,1,6.01856470295685,207.295243293625
"120",0,1,1,6.88904494095178,184.903595545797
"121",0,0,0,3.05780629812692,158.73569116927
"122",0,1,0,4.90943444946354,146.515619961962
"123",0,0,1,3.88500821957595,129.194707345463
"124",1,0,1,1.32604293154557,93.0886340653087
"125",1,1,0,3.87644609929763,184.02130075962
"126",0,1,1,5.40931261855169,149.189742640764
"127",0,1,1,4.63793330541704,131.999767781721
"128",1,1,0,0,96.1166351143784
"129",1,1,0,1.96446007403123,76.9393726449416
"130",0,0,0,3.20631174753626,139.224292269407
"131",1,1,0,2.77222776548598,152.912764994487
"132",0,0,1,2.56183777637846,130.141608659609
"133",1,0,0,1.14557043907821,121.936570730825
"134",0,1,0,0,60.7901626614572
"135",0,1,0,3.20754371224637,100.087548191193
"136",0,0,0,4.6825955184318,169.263396458887
"137",1,1,0,0.806290643926533,98.4621827261197
"138",0,0,1,2.32455394479051,125.389836521739
"139",0,1,0,5.8015798154245,207.851349086608
"140",1,1,0,2.41341130630785,114.941901167647
"141",0,1,0,4.98775358262828,185.4002487112
"142",0,0,0,1.67634023619897,99.9002088269639
"143",0,1,0,3.33210459570299,142.391767488732
"144",0,0,1,2.55053557977066,88.3239581891501
"145",1,1,1,3.33822504563018,152.823315236177
"146",1,1,1,4.55919700745994,136.066126517708
"147",0,0,1,3.32894258193387,147.129495758314
"148",1,1,1,5.17249972852666,167.352804508467
"149",0,1,0,3.59524352492232,147.758459124703
"150",1,0,0,0,84.394094180713
"151",0,0,1,5.81841387155076,167.333716579231
"152",0,0,1,2.94011516802994,119.786984139517
"153",0,1,1,4.02338378716813,128.551676566039
"154",1,1,1,3.97889573094969,147.454761448845
"155",0,0,0,0.505363552525953,93.0558228215815
"156",1,0,0,0.0417982112301241,100.644720347509
"157",0,1,0,4.34520751113604,148.318849152215
"158",0,0,0,2.08829839857754,133.007355434238
"159",0,1,1,5.70953375989001,184.65028514881
"160",0,1,0,5.0194448866954,214.147362834394
"161",0,1,0,4.03515848546652,155.269070375404
"162",0,1,0,2.68190935543218,89.1438712008438
"163",1,1,1,4.16663863218542,136.15343450448
"164",0,1,0,2.59087017476345,129.934880656839
"165",0,0,1,3.1502802000927,132.992113873916
"166",0,1,0,4.11545323186101,156.715910069338
"167",0,1,0,2.39411564920843,130.754635037047
"168",0,1,1,4.11140982939801,114.535822554564
"169",1,0,0,1.54151325834028,138.699289615342
"170",1,1,0,0.0978079970902335,114.373097149652
"171",0,1,1,5.9923141172396,187.778373460388
"172",0,1,1,6.04226419000204,127.699262179473
"173",0,1,0,4.6844529002489,170.451428977704
"174",0,1,0,5.17298630815573,155.588216635187
"175",0,0,1,4.85277788561198,170.689048076067
"176",0,0,1,3.9235228355383,149.161108896018
"177",0,0,0,0.432747863534494,108.755559338902
"178",1,0,1,2.37908299856357,140.647448280729
"179",0,1,0,3.20009617090845,126.543420716244
"180",0,1,0,3.61587262023366,160.695744230908
"181",1,0,0,1.09775229068566,72.598563454507
"182",0,1,1,6.34706929134525,155.359845161762
"183",0,1,1,4.80483556317004,122.163472152031
"184",0,0,0,2.19343090216829,106.451022666353
"185",0,1,1,4.6589947884255,135.339668188968
"186",0,1,1,6.68860342094411,155.902946273776
"187",1,1,1,4.29732072983634,163.033043124014
"188",0,1,0,3.14714150003946,115.357070576411
"189",0,1,1,4.82062415206294,104.786376890864
"190",0,1,0,4.62684876848826,168.560241091789
"191",1,1,0,0.506303264038702,131.94775173643
"192",0,1,1,6.98424925344415,186.442070300217
"193",1,0,0,1.609004328896,145.189438028727
"194",0,1,0,4.86263206325338,145.923271952688
"195",0,0,1,3.51490209153333,131.473296169201
"196",1,1,0,2.35876485248169,145.500418354264
"197",1,0,0,2.62784827905237,174.76913138169
"198",0,0,0,1.17615644535889,111.075001947229
"199",0,1,0,3.13915325543794,131.456477396721
"200",0,1,0,4.70547336591661,165.20352724202
"201",0,0,0,1.16922101304363,104.6746944601
"202",0,1,1,4.6336516873318,97.957191987007
"203",0,0,1,4.72863430592436,170.932628855846
"204",0,0,0,2.1644725356917,124.104645011041
"205",0,1,0,2.24394690158002,95.4478415385093
"206",0,0,0,1.73476864633092,63.2936682280057
"207",0,1,0,3.34277341698015,143.104051313422
"208",0,0,0,3.10787348931147,151.195792978921
"209",0,0,0,2.61433541938437,140.951004417662
"210",0,1,0,3.373005386117,126.932601319957
"211",0,1,0,2.83877507411192,107.852710152581
"212",0,1,0,4.058344745635,142.315814654735
"213",0,0,0,1.89417881267238,117.407218409292
"214",0,1,0,3.420103168411,142.880929881542
"215",1,1,1,4.51742104381259,130.987161860719
"216",0,1,1,5.38955089566112,141.684882798814
"217",0,1,0,2.81707522904453,114.513469122666
"218",1,1,0,3.71536629848948,162.158620106985
"219",1,1,0,3.37655146322035,153.207002953529
"220",1,1,0,0.52249876680484,122.491097236593
"221",1,1,0,1.80581545157813,115.345733268501
"222",0,0,0,2.16992233401601,144.70095598444
"223",0,1,0,3.80622504970049,121.733702858955
"224",1,0,1,3.47964464534396,156.419562511686
"225",1,0,1,1.98791946592454,122.781774561712
"226",1,0,1,3.42864475188393,130.915618465017
"227",0,0,0,1.01863731943231,90.3327400725998
"228",0,1,1,4.97119088659913,168.009687492998
"229",0,0,1,2.45739186244634,153.6643671563
"230",0,1,1,2.93345586574672,108.551919432007
"231",0,0,1,4.53131300558613,166.464236886381
"232",0,1,1,3.51327426394745,118.308676343619
"233",0,1,0,2.64798986974434,93.6010064379509
"234",1,1,0,4.037858177829,182.278453790323
"235",0,1,1,7.06219295672051,173.292907734293
"236",0,1,0,4.82043184820477,194.867717259916
"237",0,0,0,4.53267399408163,225.42468138387
"238",0,0,1,3.34349965384124,156.864410631203
"239",0,0,0,2.71879883334184,115.034491253996
"240",0,1,0,4.58827049465289,158.776121035265
"241",0,1,1,5.02565636619771,124.008504492012
"242",0,1,0,2.6343185174717,139.312253903832
"243",0,1,0,3.3470193599182,132.502068870593
"244",0,0,1,3.86941124759599,139.34376607566
"245",0,1,1,5.2876384480876,169.654716479197
"246",1,1,1,3.2386029602956,143.633142171801
"247",0,1,0,3.18054761346259,132.082387198242
"248",0,1,1,6.47428003361362,162.847743476786
"249",1,1,1,4.02544101011566,172.086416117012
"250",0,1,1,4.34061263801664,148.568972372919
"251",1,1,0,2.68686910437021,158.252203408237
"252",0,1,1,5.15522603685605,136.443317322787
"253",0,1,0,2.09823530166289,97.6249993728453
"254",1,1,1,5.67940189678379,198.594795385533
"255",0,0,1,4.64568522592394,145.901678602824
"256",0,0,0,3.98363262545105,160.363595105782
"257",0,1,0,3.51868884595359,106.662388505564
"258",0,1,0,4.4865295763022,158.955604633293
"259",0,1,1,6.33841312525349,180.914135239895
"260",1,0,0,0.190116153212449,89.0591230825149
"261",0,0,1,3.78721680938155,163.065916461116
"262",1,0,1,2.9258903830248,137.580622467882
"263",0,1,1,5.23107977628199,112.833160159093
"264",0,1,0,4.09615931301077,167.299747973999
"265",0,0,0,2.31489098124729,123.30539536382
"266",0,1,0,5.27518985513478,138.27411918391
"267",0,0,1,4.47412065390355,158.578825330185
"268",0,0,1,3.711579973179,108.346069922132
"269",1,0,0,2.19595910814802,143.993413604483
"270",0,1,1,6.69808499123227,171.845795908118
"271",0,1,1,5.31029933993335,163.602810353859
"272",1,1,1,3.66317513594537,129.172977167781
"273",0,0,0,1.10810721563844,101.056230447651
"274",0,1,0,3.94823632693495,129.327893339976
"275",0,0,1,4.2596292229562,156.430301477916
"276",1,1,1,4.12402268892048,188.411605591808
"277",0,1,0,5.04568848440492,130.435670791422
"278",0,0,0,1.61991162551427,86.6176375517009
"279",0,1,0,3.891144883447,145.709572091827
"280",0,0,1,4.30397578581311,161.135719151521
"281",0,1,1,5.09150150917063,156.482847264386
"282",0,1,0,4.75226189586004,185.758841838838
"283",0,0,1,3.67332643547917,133.15528568697
"284",0,0,0,1.83674115099493,111.427276617209
"285",0,0,1,2.95136480693913,129.621590719329
"286",0,1,1,3.87107347261713,131.464093309777
"287",0,1,0,0.699643669312465,101.231983707457
"288",1,0,1,3.58526711199313,133.202086498666
"289",1,0,0,2.49025017005629,120.81360370545
"290",1,0,1,1.78898982439169,98.2767801840321
"291",0,0,0,1.59872356529287,97.3778284804568
"292",0,0,1,2.25027075965553,81.5277611003819
"293",1,0,0,1.18710906117671,111.961236735878
"294",0,1,1,5.27440427716054,166.857186294645
"295",0,1,1,5.17351977799055,123.886063538844
"296",0,1,1,5.63055656480546,154.395113067819
"297",0,1,1,7.2918397911871,183.606073240135
"298",0,1,1,5.45624910646365,182.918302355524
"299",0,1,0,2.75583996016374,124.586736407659
"300",0,1,0,4.29010008580771,191.490348247996
"301",1,1,1,4.73868305526825,130.74368252646
"302",0,0,0,2.77051297972946,116.516712574611
"303",0,1,0,2.7184840764522,123.410784064599
"304",0,1,1,4.41203587841089,165.535679156858
"305",0,1,0,4.89000576718008,155.057187038681
"306",0,1,0,3.29564615035289,109.004327774183
"307",0,1,0,3.43899698053267,100.343104863933
"308",0,1,1,5.58888856175455,130.274487034611
"309",1,1,0,0.56713633115952,120.522289217861
"310",0,1,1,6.39629473369988,147.249749046282
"311",0,1,0,2.83908092807742,130.773111864775
"312",0,1,1,8.39820111705104,244.247400534699
"313",0,1,1,4.66718635704009,142.69194413134
"314",1,1,1,4.58892291733963,192.935497945993
"315",0,0,0,2.73410051743356,143.007071279161
"316",1,1,1,3.37833023709985,127.230706173144
"317",0,0,0,0.638049573080016,85.8169287044214
"318",1,0,1,2.52108682763601,137.840600818331
"319",0,1,0,4.61943015162449,186.142751717819
"320",0,0,0,1.32546599855896,131.748196074462
"321",0,1,1,4.99597443507178,146.178326789325
"322",0,1,1,5.00413260122986,174.030696923942
"323",0,1,0,3.20991753615476,149.419162951053
"324",0,1,1,4.33484627808806,121.46348649917
"325",1,1,1,3.58271588708501,146.51302954879
"326",1,1,1,3.50636722480785,143.16763379265
"327",0,1,0,4.64797252220061,175.672071917901
"328",0,0,0,2.63855818557415,157.087511301605
"329",1,1,1,3.96458809873708,150.872689422983
"330",0,1,0,4.14760024339252,107.06012395702
"331",1,1,0,4.08055407210788,156.072985011286
"332",0,0,1,5.7780421641428,167.216532916397
"333",1,1,0,1.9089015209777,167.429958859733
"334",1,1,0,3.59652821702574,143.620906825801
"335",1,1,1,4.16340376562666,140.069043095658
"336",0,0,1,4.44337518234985,146.01685758065
"337",1,1,0,1.7107078471781,113.223772644682
"338",1,0,1,2.76470767872799,143.340170547626
"339",0,1,1,5.52164951793436,148.648775257947
"340",0,1,1,5.99453636128825,182.70653577099
"341",1,0,1,2.63091870161206,121.374983131136
"342",1,1,0,2.13893135128019,152.157476694632
"343",0,1,0,6.32094734848214,184.081993568886
"344",0,0,1,3.52589138664257,83.1499999989679
"345",0,0,0,1.09445495693751,103.664004973393
"346",0,1,1,4.97733175096416,166.754610466324
"347",0,0,0,1.02291857528211,100.647114660082
"348",0,1,0,3.83683637110061,120.23161642845
"349",1,1,1,5.68963193604008,201.943341636544
"350",1,1,1,3.1810099408283,118.985555644817
"351",0,1,0,2.9700972084489,110.271175619534
"352",1,1,0,0.2981737299119,103.356385730242
"353",1,0,0,0.0268760403867714,101.859991327273
"354",1,1,0,1.85635294780113,118.939731526114
"355",1,1,0,2.49403121358817,115.560156116699
"356",0,1,1,7.52782729048116,191.847852316232
"357",1,1,1,3.98248502033469,175.813758680504
"358",1,1,0,2.5211382436427,151.267518138994
"359",0,0,1,5.11567672927315,144.768425058261
"360",1,1,0,2.05028756225416,151.968628050515
"361",0,1,1,4.61296300015481,137.580672092417
"362",0,0,0,0.733902349834546,96.4427716704432
"363",0,0,1,3.33213232227453,122.043068006229
"364",1,0,1,3.66023804364457,176.705181823961
"365",0,1,1,5.82737787486716,124.382449750756
"366",1,0,0,0,135.968144932391
"367",1,1,1,5.24596293315354,176.119210701773
"368",1,1,1,4.69285229353338,148.543023462109
"369",0,1,0,3.54838050834886,137.976073138371
"370",0,1,0,3.00450514688629,130.969537971402
"371",1,0,0,1.17125077153088,135.953402401377
"372",0,1,1,6.80726696610897,215.65467125646
"373",1,1,1,4.14497026188761,144.141451655635
"374",0,1,0,4.59048656842151,172.927768924516
"375",0,1,0,2.86496837659105,116.27613213735
"376",0,1,1,6.07640945471542,163.76127441082
"377",0,0,1,4.85178421481986,152.284652444688
"378",0,1,0,2.5268393649179,105.703591485323
"379",0,1,1,5.53311974371351,161.698701648563
"380",1,0,0,1.38500981546589,137.615277431772
"381",0,1,0,1.48103962068104,72.1394824351565
"382",0,0,1,4.20077217686887,150.779819824036
"383",0,0,1,5.44195555033813,168.263333604342
"384",1,0,1,4.0370360921778,161.782111626664
"385",1,0,0,0.385229093160921,92.5344855520669
"386",0,1,1,5.58633993193476,201.907973951375
"387",0,1,1,6.07296793879938,206.370706586741
"388",0,1,1,5.32747170426604,166.108242809207
"389",0,1,0,2.1008394197338,103.786590765499
"390",1,1,1,4.23236665491712,136.080063279079
"391",0,1,0,4.96259962715031,165.813243714439
"392",0,1,1,5.49515305829827,119.231459956059
"393",0,1,0,3.15862357993715,116.898851761676
"394",0,1,1,5.40644147775759,161.611937643902
"395",0,0,0,3.70714069109167,174.365240387926
"396",0,1,0,3.29485688098274,120.02747222402
"397",1,1,0,2.1798627733657,132.976463227386
"398",0,1,0,4.35452359122315,135.360809831381
"399",0,0,0,2.46971320762136,123.199151551542
"400",0,0,1,2.782916295983,81.7032275042282
"401",0,0,0,1.36687076729675,103.826816864901
"402",0,1,1,6.7859940039403,190.68522547761
"403",0,1,0,2.9205320422721,109.963882751191
"404",0,1,1,3.46711976589688,148.426061068519
"405",1,0,0,0,64.6376298399978
"406",1,0,1,3.01715554012063,151.187548622881
"407",0,1,0,4.75482745641942,160.105692297889
"408",0,1,0,2.66003185516956,174.84514419997
"409",0,0,0,0.428950869027834,61.6210161190145
"410",0,1,0,3.18028260335306,132.119064559664
"411",0,1,1,5.82578732487202,148.904282444397
"412",0,1,1,4.96878077908738,140.874177702473
"413",0,0,0,1.97193732695524,105.774533657936
"414",0,1,0,2.91683904839038,136.448923972101
"415",1,1,1,3.62496480589678,150.017838810762
"416",1,1,0,2.19697040413493,112.712222362098
"417",1,1,0,2.42627808572017,138.842815059756
"418",1,1,1,4.41558834742073,157.265698146253
"419",1,0,0,0,101.479532633581
"420",0,1,0,4.57514369265291,134.678588294169
"421",0,1,0,5.41813849508845,193.945854394062
"422",1,1,1,4.15957608520483,131.957169560945
"423",1,1,1,2.37543700926859,93.8132423187663
"424",0,0,1,4.78753098884885,148.595022080213
"425",1,1,0,2.30259925229283,126.766368970567
"426",0,1,1,6.18188824401236,200.54670603396
"427",0,1,1,4.87319889168104,128.188971318164
"428",1,1,1,3.48118247823174,143.465098647338
"429",1,1,1,3.93229202469989,139.916086037287
"430",0,1,1,6.17997712776242,183.339885117432
"431",0,1,0,4.23128453557264,157.881000714291
"432",1,1,1,6.54186776080285,202.130880217811
"433",0,1,1,6.07876136046752,169.635067953487
"434",0,0,0,2.82646161959813,155.830946024082
"435",1,1,0,0.288855593061905,121.973455514009
"436",1,1,1,5.51004463740445,192.528544554807
"437",0,1,1,6.04174523833249,135.61556952535
"438",0,0,0,2.13331394184567,114.600209944968
"439",0,1,1,6.39710845315079,164.215961818102
"440",0,1,1,5.12852951661881,125.448111635689
"441",0,0,0,2.20058121838801,136.109800671941
"442",0,0,1,3.1263461649428,120.128228296139
"443",1,1,1,4.11382230124472,102.71888901082
"444",0,0,1,4.37999665391671,155.450528480902
"445",0,1,0,3.85307017981571,116.738111224049
"446",0,1,0,3.39859443240881,103.203860616071
"447",1,1,0,1.02767731944118,93.1515229937751
"448",0,0,1,6.67084480068308,190.56843092915
"449",0,1,1,4.66161531372603,111.491297635893
"450",0,0,0,1.80383120998261,124.783793741689
"451",0,0,0,0,66.6745264593451
"452",1,1,0,2.10707261352884,113.081373521786
"453",1,1,1,4.26337011833605,177.001592335636
"454",0,1,0,2.55765058480059,117.272101643135
"455",1,0,1,3.40093859801328,169.652446188027
"456",0,0,1,3.32816249426764,153.849910910276
"457",0,0,1,4.11089532163006,121.235172799862
"458",0,1,1,5.71352520071884,171.839950456603
"459",0,1,1,3.80685599606401,97.3805916355724
"460",0,1,0,3.5557508111846,128.99547691832
"461",0,1,0,4.05900570349542,154.630827998869
"462",0,1,0,3.38819699979003,151.622088882861
"463",0,0,0,3.5006506794862,115.718865070147
"464",0,0,1,3.74762213760881,199.413179710349
"465",0,0,1,3.1104990633208,156.991219745806
"466",0,1,0,3.94382777966266,144.964136709135
"467",0,1,0,2.37118987318836,96.6796299771033
"468",1,1,0,1.42933946430229,165.883849086932
"469",0,0,0,0.770292807145097,74.2954585818707
"470",0,1,1,5.32466250517076,141.20411496981
"471",0,1,0,4.32762649655497,148.170743452316
"472",0,0,0,2.26404192548007,139.749785181561
"473",0,1,0,4.33024870244927,138.606426689247
"474",0,1,1,6.21683365116471,142.051504489304
"475",0,0,1,5.18179967977527,147.590464441735
"476",1,1,0,1.63697158089738,125.160762523062
"477",1,1,1,4.0901644280691,112.918808500739
"478",1,1,1,3.08499261804574,133.8061211519
"479",0,1,1,5.69232287696071,162.062735744383
"480",0,1,1,6.63180768796814,168.506827803072
"481",0,1,0,3.49761720996764,138.37790425736
"482",0,0,0,1.29070561275179,62.0581653497916
"483",1,0,1,1.94158757833514,138.555897449435
"484",0,1,1,4.74400201999625,172.470664729736
"485",0,0,1,1.91042092884189,99.5974738419142
"486",1,0,1,2.41066487924886,144.059337583178
"487",0,0,1,4.15202941568136,135.929006910772
"488",0,1,1,6.25579000262479,176.896477743219
"489",0,1,1,4.77100244141174,176.718105688703
"490",0,1,1,3.54037685682683,107.988446332248
"491",0,0,0,0.596807674706931,89.5891297316153
"492",1,1,1,4.56463810111313,195.010749318595
"493",0,0,0,4.07449905287928,144.284228379556
"494",0,0,0,1.81849696732633,128.392605043248
"495",0,1,0,3.13160063627881,120.158848012497
"496",1,1,0,4.08111925236786,194.423413982871
"497",1,1,0,3.74085509089961,169.989364291594
"498",1,0,1,1.76107009377622,119.260090628744
"499",1,0,0,0.830256079654308,127.044955334558
"500",0,1,0,4.96394225501942,163.450965509257
"501",0,1,0,3.0904886541934,93.825305057134
"502",0,1,1,4.7151751317196,159.776604866511
"503",0,1,1,7.6073269534498,178.471972894921
"504",1,0,1,3.65016670221479,134.122198563429
"505",0,1,0,2.70565725417469,112.235194316557
"506",1,1,0,1.13452998879155,132.143731724157
"507",0,1,1,4.3312452558461,146.181608677164
"508",1,1,0,3.36242428794351,186.883419752366
"509",1,0,1,2.84293509635718,145.082409886423
"510",0,1,0,2.52584688477619,130.922432896607
"511",0,0,0,2.92749690662092,146.953921928511
"512",1,1,1,3.61272639522531,159.425488093845
"513",0,1,1,3.79092465041088,119.317489958264
"514",1,1,1,3.70649666656578,155.856818746728
"515",0,1,0,5.36258287795739,162.093027570895
"516",0,0,1,4.31872318580741,125.303993529507
"517",0,1,0,2.22454684379522,116.932930000128
"518",1,1,1,2.93540504521028,117.213293487894
"519",1,1,0,1.05949449282144,97.9181301017724
"520",1,0,0,1.50510900462951,173.870923483855
"521",0,0,0,1.75042343804789,134.601473627773
"522",1,1,1,2.89601955852173,132.775118956247
"523",0,1,0,4.27155826376589,131.841081440128
"524",0,1,1,6.96392052129293,136.97372756183
"525",0,1,0,2.86140760085934,102.004813057448
"526",0,1,1,6.57111282027333,160.53016821747
"527",0,1,1,4.7781770786656,128.576518120516
"528",0,1,1,5.28424531290476,148.745389253588
"529",0,0,0,2.57585254309979,95.2764240919577
"530",0,0,1,2.99479935230696,123.854140111779
"531",0,0,1,4.27925476361322,159.978054135473
"532",1,1,1,1.07197759814902,107.295025265622
"533",0,1,1,6.18585713801418,122.524865699184
"534",0,0,1,3.25823124563404,102.197544085907
"535",0,0,0,4.20874759440877,144.237472845348
"536",0,1,1,4.85974777970157,130.078599630441
"537",1,1,0,2.85827909401963,170.172890193134
"538",0,1,0,3.46665332665156,133.961979742198
"539",0,1,1,5.33922810393163,165.639792028805
"540",0,1,1,4.71217953533696,126.207777668122
"541",0,1,0,2.47428634175047,118.514618888303
"542",0,1,1,3.81134933826993,159.912079251668
"543",0,1,0,2.62200205336267,140.797283239257
"544",0,1,0,4.87233210713588,170.620641072488
"545",0,0,0,3.13909579105057,174.276346157506
"546",0,0,1,4.96336023560573,166.032922490999
"547",0,1,0,4.24962981227978,122.987687070365
"548",0,1,1,5.16862750139079,157.840339818343
"549",1,1,1,4.41772517325158,150.634164384113
"550",0,1,1,6.15734444531326,180.81272528628
"551",1,1,1,5.13221441953006,177.19369662645
"552",1,1,1,2.6375616861648,134.560684296022
"553",0,0,0,1.83090466820755,85.7301643594147
"554",1,1,0,2.37361167477772,129.870371815114
"555",0,1,0,2.08857347701929,70.2218601404726
"556",1,1,0,0.0997956674868898,107.028155865088
"557",1,0,1,2.93192674828609,185.402674530467
"558",0,1,1,5.29621578548951,137.984990510487
"559",0,1,1,6.02967028958791,164.837464089882
"560",0,0,1,2.2288172121877,81.5785804144382
"561",1,0,1,4.20772127079927,172.164820288293
"562",0,0,0,2.5652804790785,105.841880329708
"563",0,0,1,3.65132767031729,138.326033778678
"564",0,1,0,3.50539206825126,118.681511245316
"565",0,1,1,6.12392086479375,162.025640140456
"566",0,0,0,2.01350594658917,115.460613599031
"567",0,0,1,3.68544073050113,156.582667722003
"568",1,1,1,4.6883401775256,174.776956366384
"569",0,1,0,2.10333909422664,68.3218142908011
"570",1,0,1,1.33901641941238,121.020414237041
"571",0,0,0,1.12153493281774,117.020352491456
"572",0,0,1,4.13070344132106,129.324629637588
"573",1,1,1,3.75929457109919,156.611358312062
"574",0,0,1,5.4906779008518,161.92235988769
"575",0,0,1,2.73502322856685,111.922722069531
"576",1,1,1,3.59522045453188,137.427945336152
"577",1,1,0,1.70095238380139,101.248350745135
"578",0,1,0,3.18442684110617,108.8051624602
"579",0,1,0,4.13847279661644,160.251273898198
"580",0,1,0,3.77053602883371,167.89800935338
"581",0,1,1,7.65329174456076,217.33945888405
"582",1,1,0,3.142796211425,148.256525690846
"583",0,1,0,4.16510450624441,132.38355434513
"584",0,1,0,3.22868421275124,132.662450925243
"585",0,0,0,4.33112390074819,159.52184354663
"586",0,0,1,3.79620253114443,131.145606362609
"587",0,0,0,2.20095423011798,114.992598566888
"588",0,0,1,6.75864314987576,212.909218614396
"589",0,1,1,6.10253681970784,144.75400769691
"590",1,1,0,2.73382012905392,103.946654993148
"591",1,1,0,0.0228308728407893,136.143392383448
"592",1,0,1,2.35800618888141,142.545296609842
"593",0,0,1,4.22924973227726,126.493848775945
"594",0,0,1,4.09145306256134,158.375468409608
"595",1,1,0,2.90293262935391,128.444434742699
"596",0,0,0,1.71128490850668,126.729613627289
"597",1,1,1,3.60407610679753,131.357215893203
"598",1,1,1,5.09826782043317,130.882812083084
"599",1,0,0,0.788089227721419,138.077616940616
"600",0,0,1,4.0252370129175,77.5232658149262
"601",0,0,1,2.95164129163578,113.446701928222
"602",0,1,0,2.90747980915527,94.5745901793255
"603",0,1,0,3.42180421693782,145.32552046615
"604",1,1,1,5.27526567748406,191.441774375917
"605",0,0,0,1.43890590260665,91.454939082639
"606",0,0,1,3.55324783697544,116.559062727748
"607",0,1,1,4.71460871277743,135.898023374908
"608",1,1,1,4.13005756911087,135.239729943562
"609",1,1,0,0.686217320213916,132.315317464835
"610",0,1,0,4.27223265418599,165.03981027024
"611",0,0,0,1.82553842540751,116.557275471642
"612",0,1,0,3.81308293882937,144.548811405368
"613",0,0,1,4.43692746691498,178.430995717477
"614",0,0,0,1.98646731609235,124.571175728884
"615",0,0,0,1.04447909097225,92.1441319965102
"616",0,0,1,3.10227778725045,116.968348011664
"617",1,1,0,2.57585968945936,128.227902217699
"618",0,1,1,6.11174875867505,171.462829709985
"619",0,0,1,3.09722368074935,123.012324322245
"620",0,1,0,4.37205094384537,163.487405656862
"621",0,1,1,6.03959455479425,154.339895732214
"622",1,1,0,1.09947037746006,93.0233475229488
"623",0,1,1,5.39021682525923,157.99804294909
"624",0,0,0,1.81412733360104,119.985678917415
"625",0,1,1,5.62228859883818,152.449471929404
"626",0,1,0,4.28546001543552,136.274030557733
"627",0,0,0,2.20813323182463,129.773989483901
"628",0,1,0,3.45375447591178,105.021797503103
"629",0,0,0,2.84167693854723,166.482917646538
"630",0,0,1,3.45584228387607,166.012871143799
"631",0,1,1,5.8421697455728,167.777476600335
"632",1,1,0,2.57060909244809,164.025663738276
"633",0,1,1,4.47177025366891,124.163329555308
"634",0,1,0,4.29279777554614,180.079716756534
"635",0,0,0,1.96177379187789,131.130900225665
"636",0,1,1,4.50101193546609,108.511964562628
"637",0,1,1,5.53586070267944,174.015280523544
"638",0,1,0,3.3314722970693,135.047723310556
"639",0,1,1,5.31308410198785,167.091240437907
"640",0,1,0,3.63311163807593,144.668572572982
"641",0,1,0,3.70015482482412,108.281799040385
"642",1,1,1,3.8800699604069,132.170081264569
"643",0,0,0,2.76365398803364,145.173869435551
"644",0,0,0,2.55558820107043,145.569407909271
"645",0,1,0,4.25031605469225,171.195259261392
"646",0,0,1,1.82684852422094,87.3516892561781
"647",0,1,0,3.5709139393048,138.864079743171
"648",0,1,0,5.318800611088,188.963030441386
"649",0,1,1,4.62272145622334,137.48698450402
"650",0,0,0,2.94957408963372,131.917057655713
"651",0,0,0,0.863303342428569,99.9258544818183
"652",0,1,1,6.09775296289305,163.976774314158
"653",1,1,0,1.5181716811182,112.914022000839
"654",0,1,0,3.81981515733424,137.351114261456
"655",0,0,0,0.877911604744708,113.733312716204
"656",0,0,0,0.453322222738199,84.6034169892424
"657",0,1,0,5.08154348551987,175.154590981954
"658",0,1,0,4.81861594597764,148.379175716076
"659",0,1,0,2.46443047652667,88.7941094128717
"660",1,0,1,3.80761808473107,242.357493651641
"661",1,0,0,0,106.193042742496
"662",1,1,0,4.39213733685461,209.748040994362
"663",0,1,0,3.1346672776081,147.38425754295
"664",1,1,0,2.05510121157995,122.969461020094
"665",0,1,0,4.09789413339555,139.083574370092
"666",1,1,1,2.4837722972826,123.465034937036
"667",1,0,0,0,95.3959231571017
"668",1,1,0,3.47761903544023,175.697317593144
"669",0,0,0,1.37576770030101,152.683874381387
"670",0,0,1,2.96308923693376,126.227340419487
"671",0,1,1,4.24588884585648,144.698125081778
"672",0,1,0,2.5616084382181,96.9235900974498
"673",1,1,1,3.40723351666709,110.335433759954
"674",0,0,0,0.867231748971578,110.774646141571
"675",0,1,0,2.97700209995951,124.445316552734
"676",0,0,1,4.07357079823538,170.261435824003
"677",0,1,1,7.71231414194454,161.676276598903
"678",1,0,0,0,108.644443429369
"679",0,1,1,5.9782394117563,207.900971478245
"680",1,0,1,1.51245302204934,117.344667092373
"681",1,1,0,2.19764487627046,115.870573495605
"682",1,1,1,6.11418294563946,219.755070829662
"683",0,1,1,5.39810423199981,161.688127319708
"684",0,1,1,5.31244297464056,167.767881468683
"685",1,0,0,1.81855479605821,151.405427398067
"686",0,1,0,2.59035983124518,109.264112039305
"687",0,0,0,2.27591482094635,105.49861275842
"688",1,1,1,4.08682133473069,146.896532296573
"689",0,1,1,6.57351358159049,174.589330973217
"690",0,0,0,2.13507986823161,146.904140193084
"691",1,0,0,0.438573607947697,130.232706100439
"692",1,1,0,0.145988886275709,114.307947205135
"693",0,1,0,4.61688135043306,139.021244008782
"694",1,1,1,3.826126620052,141.285930000492
"695",0,0,1,4.93484204143027,174.656429180319
"696",1,0,0,0.90627247695328,131.393384305466
"697",1,1,0,2.75405440049426,117.801496541543
"698",0,0,1,2.546418617089,132.01207023322
"699",1,1,0,1.95860881795507,135.436736077328
"700",0,0,0,4.17516298569539,162.542694847566
"701",0,1,1,6.52979256663196,180.07236403661
"702",1,0,0,0.385422527707104,126.995795820913
"703",0,0,1,4.12621228688269,163.374418452584
"704",0,0,1,6.03076775418366,183.119036826791
"705",0,1,1,3.97293310431613,118.557108831335
"706",1,1,1,3.19508708500356,152.386069413171
"707",0,0,0,1.56572299344514,90.1166819659885
"708",0,1,0,6.05859815760432,163.653812092386
"709",1,1,0,2.97881649809366,142.519521892618
"710",1,1,0,3.57516732107504,164.662973357126
"711",0,0,0,1.80891346567308,132.63523151264
"712",1,0,1,1.34476942486898,128.70145422242
"713",0,1,0,3.41877620588216,139.089994420291
"714",1,1,0,3.54227144140186,166.997846173306
"715",0,1,1,4.82391983842106,170.161869879902
"716",0,1,1,7.55467735048911,229.855412048624
"717",0,1,1,6.28107469924222,154.903417908588
"718",0,1,1,5.53925698173028,165.314054720309
"719",0,1,0,2.00015950570183,102.900421134325
"720",0,1,1,5.59020521425593,146.889208313791
"721",1,1,0,1.31639847753665,123.069358190436
"722",0,0,0,1.88903711175118,84.0797497614836
"723",0,1,0,2.90282016303095,128.811343992435
"724",1,0,1,2.51852894174581,114.121366322204
"725",1,1,0,1.46869593965511,135.204215898208
"726",0,0,0,1.27166989966681,121.905578992394
"727",0,1,0,4.69124153020147,164.619630520373
"728",1,1,1,4.82187137048659,165.17980121697
"729",0,1,0,4.29519421433942,146.177709828882
"730",1,1,0,0.740566960067746,94.9857254755078
"731",0,1,1,5.3038492609169,126.113878703597
"732",0,1,1,6.77798972841507,183.306684162163
"733",0,0,0,1.8199639454229,121.520377137557
"734",0,0,1,3.56412344039518,149.936814377039
"735",1,1,1,4.92114592162065,195.64080542967
"736",0,1,0,3.95692963276218,127.236199556008
"737",1,0,1,2.72268949763405,165.190257676853
"738",0,1,1,5.83967728405202,178.326028534646
"739",0,1,1,4.85381323871373,133.934825339237
"740",0,1,0,2.88209432660548,144.252405258343
"741",0,1,0,4.27044940279596,147.78361163629
"742",0,1,0,2.97156969497245,112.614168487713
"743",1,1,1,5.076050024814,185.505202927679
"744",0,1,0,3.34461348745541,121.074392587081
"745",1,1,0,1.59246016348092,98.1368770440989
"746",0,0,1,3.73290742419538,105.507236441714
"747",0,1,1,4.74198946850755,144.473804462162
"748",0,1,1,5.13782728005113,146.153645952183
"749",0,0,0,1.70652635654832,95.3379527824902
"750",0,1,1,3.66646425403324,133.340234107415
"751",1,0,1,0.89188379168251,90.5886331343492
"752",0,1,0,2.48388085357927,113.492492712112
"753",0,1,0,3.62109515464228,129.131008914378
"754",1,0,0,0.676450248989974,138.950532920153
"755",1,1,0,2.16327893075782,121.442858451125
"756",0,1,0,3.04005854099652,98.2512960966216
"757",1,0,1,2.06154958043942,138.26779134166
"758",1,0,1,2.79519606499631,162.569322939101
"759",0,1,1,7.07881867817827,155.293285417302
"760",0,1,1,8.19589515268671,192.219359730016
"761",0,1,1,5.38553824323663,128.830834119541
"762",0,1,0,4.05775272076845,109.243249285986
"763",0,0,0,3.08748854639928,143.141439601418
"764",1,1,1,1.39919838085642,93.8158417929637
"765",1,1,0,1.79272564025291,105.944992885886
"766",0,1,0,2.72844500668773,113.480240603242
"767",0,1,1,5.95150536093078,122.615995408431
"768",0,0,0,3.60302082033157,151.740603229432
"769",1,1,0,0.43700490078236,55.8639994632575
"770",1,0,1,2.42492429370489,123.600681890122
"771",0,0,1,2.8307710843262,130.832425349342
"772",0,1,0,2.15786568774679,105.265060113784
"773",0,1,1,5.78079961728922,142.848805766317
"774",0,1,0,3.35299867542389,109.12354663706
"775",1,1,0,0,71.6590320348961
"776",0,0,1,3.72661419750334,109.451910163023
"777",1,1,1,4.70076987988584,152.441151714902
"778",0,1,1,5.34190917704136,148.511908597832
"779",0,1,0,3.21977184988805,149.483664507012
"780",1,0,1,2.42821794445623,172.430003173944
"781",0,1,1,6.12307172375263,160.162049221291
"782",0,0,1,2.74642431873777,109.935711995965
"783",0,0,1,2.77219800456538,134.757824028719
"784",0,1,0,3.8133450883323,76.1674615228268
"785",0,1,1,4.757033190933,141.621173360352
"786",0,1,0,1.85196176994073,84.6325230787079
"787",0,0,0,3.19027231337051,166.001124478706
"788",1,1,0,2.345403220565,171.371691766153
"789",0,1,1,5.05330421439805,114.839720329256
"790",1,1,1,4.05716297374763,151.638924435583
"791",1,1,1,4.40133364311237,150.263612128792
"792",1,1,1,4.91369295569481,140.509805217534
"793",1,1,1,5.07674198501968,201.274899848925
"794",0,1,0,2.41711581830104,136.086424651139
"795",0,1,1,6.09652622426448,172.840040474568
"796",0,1,0,2.84354323244016,152.382949577568
"797",0,0,0,1.80098050941777,117.633806062442
"798",0,0,0,0,86.1742142242304
"799",0,0,0,1.18013277680821,106.804427451706
"800",0,1,1,7.53147435272934,197.625353734662
"801",0,1,1,7.50806595372164,164.643676492237
"802",0,1,0,3.06946479556763,144.589089542585
"803",0,1,0,3.95417645904738,170.627384784114
"804",0,1,1,4.87507686218913,168.088717937669
"805",0,1,1,5.30368329541428,156.45026775829
"806",0,0,0,1.28316478688191,128.580481889547
"807",0,0,1,4.1537462859319,166.848120367256
"808",0,0,1,3.96100582817541,117.382866256924
"809",1,1,1,3.7817465679595,127.750741987134
"810",0,1,0,2.20425325179116,133.70637180733
"811",0,1,1,5.63115123515088,140.033047814406
"812",0,1,1,4.97845204364754,178.430517233886
"813",0,0,1,2.84479173993874,122.802957413821
"814",1,0,0,2.52136102825968,138.986954979107
"815",0,1,1,5.00923767316633,138.102266830912
"816",0,0,1,4.64720411079016,115.803228677765
"817",1,1,1,4.21242292442944,121.820523413136
"818",0,1,1,5.14834899360238,124.87445601478
"819",0,0,0,1.50331405911601,125.05270826974
"820",0,1,0,5.58302982735065,164.582086615331
"821",0,0,0,2.98969535553035,134.573538767924
"822",0,1,0,2.52266587681335,102.32793116849
"823",0,1,0,2.93587066480399,121.231290593335
"824",0,1,1,5.09188460099232,141.156898992017
"825",1,1,0,1.25229497077284,113.209291261887
"826",1,1,1,6.75650019163517,215.426824327045
"827",0,1,1,4.93726838377251,181.596583274551
"828",1,1,1,4.76282375498714,148.96246001855
"829",0,1,0,2.94058184323184,118.129444870312
"830",1,1,0,0.71547348673986,135.01539908725
"831",0,1,1,5.12819716877502,161.263131190677
"832",1,1,1,4.61008987528741,200.815275105745
"833",0,1,0,3.06087865058977,138.572629905288
"834",0,1,0,3.34593505549267,120.704889123964
"835",0,1,1,5.13216070749839,156.049322251737
"836",0,1,0,3.94457728881311,164.178194270566
"837",0,1,0,3.19649127622644,116.27488112317
"838",0,1,0,3.15488079572103,125.587432724728
"839",0,0,0,2.46586722002539,138.421797415659
"840",0,1,0,3.80251578725111,168.277827763585
"841",0,1,0,4.463645438878,169.069933844094
"842",1,1,1,4.17599213680011,143.243750295659
"843",1,0,1,3.96690077282165,120.665630938143
"844",0,1,0,4.12850320864259,129.608910152742
"845",0,1,1,5.76932773583725,160.73807767885
"846",0,1,0,3.51810877139607,137.913739962554
"847",0,1,0,3.70863538805445,129.498567302489
"848",0,1,1,6.01520232269455,212.144198756689
"849",0,1,1,5.12750107687069,181.240229102441
"850",0,1,0,3.03450841744607,91.7490415943957
"851",1,1,0,0,106.003192864534
"852",0,1,0,4.88488337158962,148.764807585117
"853",1,0,1,0.9417566507132,100.923919616176
"854",1,0,0,1.69979710945259,129.962228458812
"855",0,1,1,4.37270868885719,117.302928698742
"856",0,1,1,6.10030005206746,152.043510772826
"857",0,1,0,4.23621799535164,126.254653168307
"858",1,1,1,4.29556461859189,169.386995153813
"859",0,1,1,6.41257444728244,176.121247860607
"860",1,1,0,1.46525943765307,103.749376652003
"861",0,1,1,4.77369258510342,125.672637717845
"862",0,0,0,2.17402488121232,124.308395581192
"863",0,1,1,5.17370417935638,160.081430719146
"864",1,0,0,1.20933007879145,106.073147095144
"865",0,0,1,4.49121885735997,152.928350277517
"866",0,0,0,2.68129390288775,118.85483695106
"867",1,1,1,2.95116290628546,65.9006717951022
"868",0,1,0,2.58560944206328,125.044193650809
"869",1,1,1,3.22367751773692,138.630547905897
"870",0,0,1,2.85061457122179,136.553068462399
"871",0,1,0,3.24741862111554,138.834192301354
"872",0,1,1,6.15707169754671,191.396989260963
"873",0,1,1,7.84552882835324,205.8985118416
"874",1,0,1,1.58794120071037,138.116132772842
"875",0,1,0,4.3986649153752,144.180179587777
"876",0,1,1,3.86232671922736,104.388994165416
"877",0,1,0,4.07429034850884,182.506767290911
"878",1,0,0,0,92.048752231009
"879",0,1,0,6.03302063915442,164.622729034586
"880",0,0,0,1.63048233266799,109.300570668612
"881",1,1,1,2.93711855169275,161.444746293705
"882",0,1,1,6.22799352747968,153.606377147466
"883",1,0,0,0.535120657952659,109.584979345892
"884",0,1,1,7.42905902027966,163.432661241853
"885",0,1,0,2.62743148563087,119.596971848452
"886",1,1,1,4.33683576485989,165.859087877642
"887",0,1,1,5.38695334966484,115.597266390691
"888",1,1,0,2.43666092436317,151.992868798909
"889",1,1,1,0.978541789811053,116.553596696162
"890",0,1,0,4.92427289874328,163.696426314608
"891",0,1,1,5.90355188544132,153.220630397489
"892",0,1,0,4.14287147809648,149.076760195686
"893",0,0,1,6.57375749460849,167.086366468799
"894",1,0,1,3.1570000513853,166.838435082998
"895",0,1,1,6.23830997270055,172.693312616776
"896",1,1,1,6.26978136526993,194.916758715898
"897",0,1,1,5.32121035340176,192.036898450862
"898",1,0,1,1.85763148778017,146.805870984367
"899",0,1,1,4.62873695019611,134.097431985352
"900",1,1,1,6.68413204040212,241.80895686771
"901",0,1,0,4.0336013082586,142.156078817625
"902",0,0,1,3.21212043314452,102.328425739193
"903",1,1,0,2.29523208713239,109.600670982928
"904",1,1,0,1.75346867622765,99.3885944434303
"905",0,0,0,2.87530612814094,146.954598556004
"906",1,1,1,4.10690924424525,166.207860025186
"907",1,0,1,3.13884048678231,160.62177228498
"908",0,1,1,4.80246510871555,152.61869331332
"909",0,1,1,5.07672085848839,131.989499148087
"910",1,0,1,3.93513856172766,147.274593467104
"911",1,0,1,0.807090327899419,120.2228192147
"912",0,1,1,6.19168108851304,174.116288935209
"913",0,1,1,5.45270794538945,133.011654760526
"914",0,0,1,4.26198554025664,117.565408682724
"915",1,1,1,2.52333868461052,140.853305258261
"916",0,0,1,3.89166368840422,134.496102293576
"917",0,1,1,5.48228368643643,171.516820886731
"918",0,1,1,4.63461643173514,125.209511735949
"919",0,1,0,4.85431668701858,149.335149731667
"920",0,0,0,2.83456422451034,154.790365885894
"921",1,0,1,1.83756438760686,106.950888757286
"922",1,1,1,2.65352794703728,121.791082566933
"923",1,1,0,3.1861380646647,134.16733433041
"924",0,1,1,3.16944025926807,86.7869912493226
"925",1,0,0,0.983721503466572,133.010255203888
"926",1,0,1,1.3549358645867,135.319312105244
"927",0,1,0,2.02895289462847,95.962010330893
"928",0,1,1,4.24197420535495,137.15803816215
"929",0,0,1,3.95563315643398,165.510581345935
"930",0,0,1,4.61612691947794,173.052558006665
"931",0,1,0,4.68778679825359,166.61392531297
"932",1,1,0,2.69253564104174,116.678923924984
"933",0,1,1,4.08499073634271,128.885651708752
"934",1,1,1,3.9492132268094,153.44257312419
"935",0,1,1,5.49370411124189,141.743474860797
"936",0,1,1,7.42260132973475,210.371742689262
"937",0,0,0,1.01436743552301,160.045309856885
"938",0,1,1,6.39517654497476,197.691877334286
"939",0,1,0,4.10189603965422,130.039520889637
"940",0,1,1,5.51778625020067,145.964524818013
"941",0,1,1,3.75498644874515,115.954643183464
"942",0,1,0,3.15026752390285,124.513157841007
"943",0,0,1,4.46501310605517,146.563707070966
"944",0,1,1,6.47201838100229,173.08873013857
"945",0,0,0,2.21112730039228,126.177158810522
"946",0,0,1,3.33665702131276,113.827276692279
"947",1,0,0,2.74485671565006,145.188597847338
"948",0,1,1,6.20847100356731,167.656084512206
"949",0,0,1,5.41863326688498,173.960162112473
"950",1,1,0,2.73024913388409,154.856090251995
"951",1,0,0,0,64.8562826235398
"952",0,1,0,4.81586181414582,153.304496585701
"953",0,1,0,4.7422179269,140.072063000567
"954",0,0,1,1.75294840217739,67.0589356126378
"955",0,1,0,3.27316403080147,141.970948579462
"956",0,1,1,5.5541890100298,137.150533074094
"957",0,1,1,8.27156966442787,222.501612987366
"958",0,1,0,3.27136981086515,119.890657301637
"959",1,0,0,2.22831971941719,150.372980280056
"960",0,1,0,3.45507244000497,150.298314642066
"961",0,1,0,3.39045521174905,131.115779889387
"962",0,0,1,3.53047530500282,136.779177656314
"963",0,1,1,6.75581086906988,189.510239497155
"964",1,1,0,1.96289275894837,118.87131481355
"965",0,1,1,6.07065670236305,177.976234683606
"966",0,1,1,4.6835581140916,114.677763132453
"967",0,0,0,1.5896982928917,104.19906959137
"968",0,1,0,2.46260884753516,140.773181173358
"969",0,1,1,5.70770502707202,144.888359881629
"970",0,1,1,4.3415132159227,94.3559781260126
"971",1,1,1,4.61695375660191,158.653792483374
"972",0,1,1,5.33539458256452,168.530200679355
"973",0,1,1,7.19549772319079,175.186802489429
"974",1,1,0,1.09894175278851,112.026262811348
"975",0,0,0,2.10809296304384,109.458463684623
"976",0,1,0,3.17656806523599,115.332935646403
"977",0,1,1,6.09458545129558,176.469618036869
"978",1,1,1,5.44801034104611,185.6087814894
"979",0,0,0,0.975507109492032,108.715363721965
"980",0,1,0,1.93502484368062,130.642129439324
"981",1,0,0,0.0958828804984133,118.312977444389
"982",1,1,1,3.94276284648637,167.871976466569
"983",0,0,0,5.05110285825449,173.478235478511
"984",1,1,0,0,96.131548794774
"985",1,1,1,4.10858242839701,146.869627319367
"986",0,1,0,3.08121950508915,151.83517211146
"987",0,0,0,3.23174003967322,165.613230117269
"988",1,1,0,1.37574004897509,109.758468904718
"989",1,1,1,4.08643772789519,176.042972318082
"990",0,1,0,3.65836765344334,142.290105715854
"991",1,0,0,1.01870100912948,143.769086854582
"992",0,1,0,1.98191512363866,108.795578137288
"993",1,0,1,2.32743685151819,164.753414043258
"994",1,0,1,3.12495196762021,173.134294941274
"995",0,1,0,2.44947564156666,105.488725011886
"996",1,0,0,2.26999058672202,163.871347280551
"997",1,1,1,3.54601416358555,122.369354396021
"998",0,0,1,2.91548609380818,111.273401366486
"999",1,1,0,1.55100301769693,151.805775873087
"1000",1,1,1,3.90667435627658,177.080561355027
"1001",0,1,0,2.59701664867577,129.538568147503
"1002",0,0,1,4.05040898554508,156.186594086615
"1003",0,0,0,1.54438955314732,83.4429556373563
"1004",1,1,1,4.77108003300527,155.445265094026
"1005",0,0,0,1.75514284661061,130.42432773047
"1006",1,0,0,0.954587904012157,123.908263422126
"1007",0,0,1,1.58637829681019,121.282619515172
"1008",0,1,0,5.63269512049484,152.084819804423
"1009",0,1,0,4.04404334369882,166.632336006731
"1010",1,0,1,2.51346267171019,145.900523379967
"1011",0,1,1,5.95914820935295,149.556389658982
"1012",1,1,0,2.47107139200872,150.37838767169
"1013",0,1,1,4.52346548806218,110.77559760539
"1014",0,0,0,1.78440539629764,111.757231802499
"1015",0,0,1,3.23999367437369,123.219753230492
"1016",0,1,0,2.68834800880628,111.69832588487
"1017",0,0,0,1.90250554545583,87.6566547708311
"1018",0,1,0,1.4730231777766,90.7625245944046
"1019",0,0,0,2.1418296345461,145.197744664367
"1020",0,1,1,5.39845036222223,150.185015473206
"1021",0,1,0,3.77934254011702,122.250774197377
"1022",0,0,1,4.39385184111849,153.975203980333
"1023",1,1,0,0.18452229565035,111.027017482671
"1024",0,0,1,6.98448413453553,187.106924351516
"1025",0,1,0,1.27145291321139,91.3496992455005
"1026",0,1,0,2.68350632151111,133.035916991198
"1027",1,0,1,2.82955899778427,167.496739413042
"1028",0,1,0,4.48713520904133,173.164866347795
"1029",1,1,0,2.71391185550712,175.944197498847
"1030",0,0,1,4.33235762091132,123.213210622956
"1031",0,0,0,2.14582289017104,120.429468967719
"1032",1,1,1,2.5198900827312,117.121794737022
"1033",1,1,0,2.77013999963195,149.86299233486
"1034",0,1,1,5.00947756613729,167.517568018743
"1035",0,1,0,2.03630308891841,106.696070653407
"1036",0,1,1,5.3176485942001,138.560052765632
"1037",1,1,0,0.668151812173037,106.964733555572
"1038",0,1,1,7.82847001670145,205.340721376122
"1039",0,1,1,8.17526163849359,234.18470756592
"1040",0,0,1,5.01474540481515,155.777651589386
"1041",1,1,0,1.89416304709913,138.860568857382
"1042",0,1,1,5.17577419968419,127.205275524925
"1043",1,1,0,1.5035218845562,98.5073895562148
"1044",0,1,1,5.08393604373773,128.680992220084
"1045",1,1,0,1.28637351565173,114.26255799751
"1046",0,1,0,5.16931504795699,171.711289263406
"1047",0,1,1,6.27515857570395,190.401882451243
"1048",0,0,1,4.11560754375513,118.110437969312
"1049",0,1,0,3.19548543121922,132.026879406311
"1050",0,1,1,5.5526199849541,151.754759318043
"1051",0,1,1,5.77699735595739,180.849579724666
"1052",1,1,1,4.41441654209064,158.127230390979
"1053",0,0,0,1.08800303914035,100.596585670547
"1054",1,1,0,2.49250091387821,117.406085310991
"1055",0,1,1,5.81203336556,149.656925354428
"1056",0,1,1,6.21812862539401,182.015215896888
"1057",1,1,1,3.43217440729382,127.542591911785
"1058",0,1,0,3.84403551139172,126.128754299273
"1059",1,0,1,3.13761994248159,123.514834342367
"1060",0,1,1,4.74360296883767,141.065570619063
"1061",0,1,0,2.90148144838277,136.931880206718
"1062",0,1,1,6.86628789128004,125.335562011542
"1063",0,0,0,1.29555322499788,94.8954038036328
"1064",1,1,1,2.74204637899719,85.4643476517747
"1065",1,1,0,0.627186854414898,106.599880565107
"1066",0,0,0,1.40713813432058,77.3386379562932
"1067",0,0,1,3.84676028324107,150.461480783047
"1068",0,0,1,4.04788960866902,165.179554616232
"1069",0,1,1,3.81603225420392,168.230964568885
"1070",0,1,0,4.09647925563326,179.039258001792
"1071",0,1,1,3.7896281040957,100.701101303868
"1072",0,1,1,7.49291902335544,176.263784898093
"1073",0,1,0,4.29784146067721,139.725018891285
"1074",0,0,1,2.98245178300775,114.210241803438
"1075",0,1,0,3.6420247857798,136.998227134362
"1076",0,0,0,2.97045332778838,136.601375375881
"1077",0,0,0,2.34125643092065,110.570957122379
"1078",0,1,0,2.27364166447114,111.366972602723
"1079",0,1,1,3.80297029673063,94.7605137572099
"1080",1,0,0,1.08836605009465,118.830743668853
"1081",1,1,1,3.53599606019267,141.777261050638
"1082",0,1,1,4.43106689779126,152.937167626182
"1083",0,0,1,5.19205182318296,169.837297053969
"1084",1,1,0,3.0671586636408,145.84308497847
"1085",1,0,0,0,107.564495186473
"1086",0,1,0,2.68514513935065,97.3030638288268
"1087",0,0,1,4.55620872729239,178.648670218961
"1088",0,0,1,3.90871004142075,114.487068593665
"1089",0,0,0,1.15500203867798,85.07599055281
"1090",0,1,1,7.14405380484224,230.279978852622
"1091",0,1,1,5.48769274096058,171.532124719469
"1092",0,0,0,2.85686114061427,135.659624626431
"1093",1,0,0,0,126.21616117447
"1094",1,1,0,3.08358689323487,150.062471677279
"1095",0,0,0,2.57441749914693,148.019486998294
"1096",0,0,0,3.73119957024563,157.166453704203
"1097",1,1,0,2.04171714251063,193.339972703437
"1098",0,0,1,4.77001971365705,138.93599762032
"1099",1,1,1,5.30080916872618,187.732799810105
"1100",0,0,1,4.1532140931638,156.474693202117
"1101",1,1,0,0.366659349539733,112.489681984968
"1102",0,1,1,5.67883739749048,185.518813037432
"1103",0,1,0,3.27229992548555,145.007785417663
"1104",1,1,0,3.16565684011506,183.353229359825
"1105",0,0,1,4.21949554321346,153.83776194662
"1106",0,1,1,5.70442729361519,143.3970610199
"1107",1,1,1,4.45335574446198,130.365461036522
"1108",1,1,1,4.69390435471011,168.3279045564
"1109",1,1,1,4.26025056158053,132.767021413709
"1110",0,0,1,3.935616094048,158.879871005276
"1111",1,1,1,4.66805513835545,184.107368912603
"1112",1,1,1,2.43776415986455,138.924961659911
"1113",1,1,0,0.357221998855839,78.4756617984943
"1114",0,1,0,5.90555420821106,169.642444966517
"1115",0,1,0,4.27651975704102,185.474382722757
"1116",1,1,0,0.774659986095072,91.4178084061639
"1117",0,1,1,4.86913459613967,176.648511027431
"1118",1,0,0,0,81.7963859413191
"1119",0,1,1,6.01678138228642,186.290723528671
"1120",0,0,1,3.7081521508883,96.7545206700894
"1121",0,0,1,4.65620925278563,160.374520454722
"1122",0,0,0,2.2940470957225,121.792638076473
"1123",0,1,0,6.07429422603135,176.0704427002
"1124",1,0,0,1.05364921611631,110.256066169892
"1125",0,0,0,2.81023323453646,131.076190947648
"1126",0,0,1,4.09434591374748,170.672997908122
"1127",0,1,1,5.4009750679528,153.025418711271
"1128",1,0,0,0.715447853605932,81.7048522841654
"1129",0,0,0,3.06245458757963,114.385809362233
"1130",1,0,0,1.72336606908681,134.456413819288
"1131",0,0,1,3.98648099706133,118.244850015772
"1132",0,1,0,2.46357020185394,142.128312149416
"1133",0,1,0,3.39486542671398,112.624168845564
"1134",1,0,0,0,88.5302127216368
"1135",0,1,1,7.31416726507917,144.838869233859
"1136",0,0,0,2.57783992620046,170.889825002436
"1137",0,1,0,4.16650390149765,157.927874510498
"1138",0,0,1,4.16591324665866,154.237103504767
"1139",0,1,1,5.11016063595646,148.705414829121
"1140",0,0,1,4.06101159602661,175.459271143235
"1141",0,1,0,2.71830533131948,89.1166491968263
"1142",0,1,1,5.92017771244201,159.36319832491
"1143",1,1,1,3.12643608778517,163.853324832984
"1144",1,1,0,2.14406442901093,122.062215929449
"1145",0,1,1,4.38113828384026,140.441823760709
"1146",0,0,1,5.09364435073846,161.857176377567
"1147",1,1,0,1.49995881687015,106.062988159676
"1148",0,1,1,4.7258577556264,144.712915848878
"1149",0,0,1,2.43144931411456,129.801785969148
"1150",0,1,1,5.41316482231025,156.018037785861
"1151",0,0,0,0.263339396648508,93.1800385746219
"1152",0,1,0,4.95841026506673,118.281369978414
"1153",0,1,1,4.76598393839828,144.211261209217
"1154",1,1,0,2.01205951147743,137.422010404711
"1155",0,1,0,4.17197208173905,115.587285765218
"1156",0,0,1,3.47625642164594,138.855019524471
"1157",0,1,1,5.73614317830563,188.355539987817
"1158",0,1,1,5.51444355629081,128.032113993411
"1159",0,0,1,5.25068204029946,181.889679337427
"1160",1,1,0,2.04503365182326,157.703136868131
"1161",0,1,1,5.72409537751597,133.794676427337
"1162",0,0,0,2.89022488490879,134.013738557301
"1163",1,0,1,3.88143752422895,129.806090836936
"1164",0,1,1,4.90799802632541,139.573695387431
"1165",0,1,1,5.95423282321262,124.870282365292
"1166",0,1,0,4.24032702711367,159.577712655035
"1167",1,1,0,2.06912437490184,178.076890443146
"1168",0,1,0,3.69603771059976,140.790543467231
"1169",0,1,1,5.63371698495685,146.289771265766
"1170",1,1,1,2.01617397099573,127.291839535006
"1171",0,0,0,3.04022419602007,144.144987120835
"1172",0,1,0,3.69184862398694,164.819157464336
"1173",1,0,0,1.54606865146346,118.924262650982
"1174",0,0,1,7.03144091376888,222.61617522628
"1175",0,0,1,2.87918661511732,88.4024145131233
"1176",0,0,0,2.0455814600771,116.083825291007
"1177",0,0,1,7.20993978295411,208.645844860102
"1178",0,0,1,3.49348483646389,95.4695202814215
"1179",0,1,1,5.44589255315765,163.701764868976
"1180",1,1,1,5.88205392215882,189.430230024843
"1181",0,1,0,4.65873554787069,174.840474377256
"1182",0,1,0,4.40789750822357,186.183433187844
"1183",1,1,1,4.28001462014861,188.53393510178
"1184",0,0,1,3.17346045775228,115.247929333667
"1185",0,1,1,7.26626724218364,186.422807500455
"1186",1,1,1,5.02131396548518,191.164058373873
"1187",1,0,0,0.466210281766323,142.05231486323
"1188",0,0,1,2.64921730794126,151.340122733461
"1189",0,0,0,0,74.8804507669123
"1190",0,1,1,4.93915130308436,155.574165185487
"1191",0,1,0,4.05477460027059,158.319541345047
"1192",0,1,0,3.07531722253732,137.694092602528
"1193",0,0,1,3.60264110217712,133.949443946785
"1194",1,1,1,4.72200203004849,175.460053983062
"1195",0,1,1,4.66421228238816,129.412302307372
"1196",0,0,1,3.91975141551039,134.022465793103
"1197",0,1,0,4.78611947929312,163.273836118594
"1198",0,1,0,2.73017199264366,117.921426147623
"1199",0,1,0,2.21164675751317,122.398225255321
"1200",1,1,0,1.26375857899985,124.937880001617
"1201",0,0,0,2.31164467901327,153.438671855851
"1202",0,1,1,3.30993155539609,104.35862147245
"1203",0,0,1,4.21928674116281,180.849696513557
"1204",0,1,1,4.82293289749606,126.188719915672
"1205",0,1,1,6.35446031673875,182.03438977228
"1206",0,1,1,4.55434151691643,132.907599725525
"1207",0,0,0,1.899969150931,64.2115052365734
"1208",0,1,1,5.87759000857049,179.382768602904
"1209",1,0,0,0,74.0949730255896
"1210",1,1,0,2.69190074393798,139.501101161695
"1211",0,1,0,2.56304248714769,130.917740333927
"1212",0,1,0,4.56244576862436,149.909258851881
"1213",0,1,0,3.46212919693421,139.063229446802
"1214",0,0,1,4.9235892020945,162.583432565076
"1215",1,1,0,2.98352847134373,139.773891488927
"1216",1,1,1,4.33199645792435,149.471471828536
"1217",0,1,1,4.55541721604118,147.743670928243
"1218",0,0,1,3.21966250026077,107.135263059595
"1219",0,1,1,6.4459858690502,170.832531697136
"1220",0,1,0,4.858714136796,168.151961230343
"1221",0,1,0,2.19947192162996,128.129028546719
"1222",0,0,0,1.80666088160711,165.656490015748
"1223",0,1,1,6.9100197867056,189.048392164339
"1224",0,1,1,6.15327501442964,143.387476821656
"1225",1,1,0,2.42112229295748,125.67674284765
"1226",0,0,1,3.5798876124679,129.863135405534
"1227",0,0,1,5.21478549835413,182.794985753361
"1228",0,1,0,3.9925952462146,103.690331681811
"1229",1,1,0,0.118506429214491,115.326310063764
"1230",0,1,1,5.53245463225405,125.797691788584
"1231",0,0,0,0,77.2159543478523
"1232",0,1,1,3.93388216125907,125.307646629743
"1233",1,0,1,2.55847477059426,143.071431817733
"1234",0,1,1,3.79956542393891,80.8187039216569
"1235",0,1,1,5.75155522224787,159.80216270671
"1236",1,0,1,0.776273181943643,93.547558400081
"1237",1,1,0,4.38587563894977,181.968453785405
"1238",0,1,0,4.75370240777955,131.944604031592
"1239",1,1,1,3.30976381569504,132.698488342847
"1240",0,0,0,2.47264891108715,124.035104454546
"1241",0,1,1,6.39135166810186,173.362115677633
"1242",1,1,0,2.08607552684362,153.913530783711
"1243",1,1,0,2.86084436059001,168.191820519903
"1244",0,1,1,5.66346931031247,164.185614235321
"1245",0,1,1,4.73668670356546,157.875518702636
"1246",1,1,0,2.15776845531685,123.666575415338
"1247",1,1,0,2.41451399944916,155.86316834068
"1248",0,1,1,5.06294467527322,141.153895325782
"1249",0,1,0,2.7197364813,112.908355673696
"1250",0,0,0,1.52310187787465,126.544312199925
"1251",0,1,0,2.34631463817061,107.028085064266
"1252",0,0,1,5.45155203469268,130.763966676702
"1253",0,1,1,6.90954827826697,185.036669908866
"1254",1,0,1,2.08539073791579,101.390912978758
"1255",0,1,0,1.33913806380329,84.8594181391306
"1256",0,1,1,2.97357541995981,75.8534310157554
"1257",0,1,1,6.05433313651339,156.222224815088
"1258",1,0,0,0,104.43280007727
"1259",0,1,1,5.24494159309079,149.434664628787
"1260",0,1,0,4.40408034466464,156.666565681231
"1261",0,1,1,4.51258343457714,166.578044116225
"1262",1,1,1,3.60568717887177,144.552080994556
"1263",0,0,1,4.85442108048552,147.676606581324
"1264",1,1,1,3.37248326686158,127.899077718451
"1265",0,1,0,3.32448146887969,134.46258357434
"1266",0,1,0,2.58230995218325,126.697182388178
"1267",0,1,0,4.40026764395255,172.120149601004
"1268",0,1,1,6.76596825331437,161.140821402902
"1269",0,0,1,4.91686015721724,152.832807214985
"1270",0,1,1,5.1624898996014,146.032556296694
"1271",0,0,0,1.66135594269996,72.9203713453748
"1272",1,1,1,3.45029013237569,125.301425025995
"1273",0,1,1,6.36561159451805,144.565852079649
"1274",0,0,1,3.00080260736296,81.9887555148696
"1275",1,0,1,1.90200415458779,111.632045942054
"1276",0,1,0,2.32568223285376,103.778426200496
"1277",1,1,0,2.58756604780271,125.754646441154
"1278",0,0,1,4.34711488004065,135.808410533334
"1279",0,0,0,1.36493662623348,91.7045717195256
"1280",1,1,0,3.56871384602948,161.125497040406
"1281",0,1,0,0.812048085814025,89.2165554382856
"1282",0,1,1,6.10395507280355,190.418608150352
"1283",0,1,0,4.03528514563728,128.998211681756
"1284",1,0,1,2.28128707957471,145.623166733688
"1285",0,1,1,6.44303581275758,192.372999297338
"1286",0,1,0,1.4391886926902,89.3927568507591
"1287",0,1,1,5.08144900415567,135.994564935032
"1288",0,1,0,3.9504895632259,126.629177642886
"1289",1,1,0,3.10929555712329,153.619905056564
"1290",1,1,0,2.75894829433668,157.318675964953
"1291",0,0,0,0.794547939452863,98.5858845533008
"1292",1,0,0,0.975305422304678,81.4449141155703
"1293",1,1,0,1.86881460259151,166.989817371992
"1294",1,1,1,2.85453539407726,111.893914231311
"1295",1,0,1,3.1883806528964,170.613842451663
"1296",1,1,0,2.73528827169952,116.0082098323
"1297",1,1,0,0.920044658722713,124.780500086395
"1298",0,1,1,5.90046997932114,184.968323848059
"1299",0,1,0,4.18093531739133,158.370754995586
"1300",0,1,1,6.69148138703169,184.542780749625
"1301",0,1,1,4.25307428980326,131.163306259475
"1302",0,1,1,6.15840621497609,173.956067546764
"1303",0,0,1,3.87923517534919,115.124351719846
"1304",0,1,0,2.69007029541329,145.96047144432
"1305",0,1,1,5.07661182111874,149.860499940654
"1306",0,1,0,1.23369389103102,92.8160524590897
"1307",1,1,1,2.85292553269266,106.500631123023
"1308",0,1,1,6.3587147203774,175.306448702172
"1309",0,1,1,4.44068686122705,140.648443797005
"1310",1,0,0,1.28289677713317,138.942315589944
"1311",0,1,1,6.52674793381473,168.505448193076
"1312",1,0,0,0.886879091397063,112.971580020388
"1313",1,0,0,0.571107828164251,105.108454397002
"1314",0,1,1,4.65545568643876,90.5061899809886
"1315",1,1,1,3.09501907917921,195.164046163331
"1316",1,1,1,5.62754185456213,201.597629733548
"1317",0,1,1,6.39569132091909,173.500275751751
"1318",0,0,1,4.36835007391165,117.752302655042
"1319",0,1,0,3.17490846624698,105.791862576248
"1320",0,1,1,6.42201629980311,154.897836634155
"1321",0,0,0,1.59869036536891,92.9012576592526
"1322",0,1,1,5.84477023152149,176.450248336318
"1323",0,0,1,4.84731484274471,188.84133420176
"1324",1,0,1,1.07666515359572,152.411809316012
"1325",0,0,0,3.17662729208281,148.964370382317
"1326",0,0,1,3.34145525193955,120.671342720566
"1327",0,1,0,2.72870755374595,144.318655737154
"1328",1,1,0,0,78.8174476847455
"1329",0,0,0,3.0984187394314,153.148386532185
"1330",0,1,1,6.60763530858788,173.717646878966
"1331",0,1,0,0.872327764068712,90.1244198939503
"1332",0,1,0,4.10886486359634,143.220736318846
"1333",1,0,1,0.572645416938371,120.086041545621
"1334",1,0,1,1.9378526325253,138.426050565005
"1335",1,1,0,1.97355933968216,145.503431685685
"1336",0,0,1,4.81468971926609,154.255739920016
"1337",0,1,1,4.47032774648484,142.598617890413
"1338",1,0,0,1.82167486206856,116.023042386516
"1339",0,1,0,2.09265090790616,100.796932430761
"1340",0,1,0,2.69744157200958,111.843991924525
"1341",0,1,1,4.29885630451097,141.70639884013
"1342",0,0,1,3.13580086720405,124.533584699785
"1343",1,0,1,0.254629678227137,107.320703135961
"1344",0,0,1,5.03588035730365,141.725411168493
"1345",0,0,1,3.33612466017707,90.3153650121763
"1346",1,1,0,1.33531435563489,127.58431479969
"1347",0,1,1,5.74266046050091,127.107070212939
"1348",0,1,0,3.78324307279337,121.933876515811
"1349",0,1,0,1.82052620967097,120.679396581598
"1350",1,0,1,4.08311138593211,191.042723696219
"1351",0,1,1,5.32157822158707,156.862838657233
"1352",0,1,1,6.89878609652487,152.770670250559
"1353",0,1,0,3.60169257943454,134.429554769552
"1354",0,1,0,3.77525949231773,139.446096756171
"1355",1,1,1,4.77480305035062,161.496869622471
"1356",0,1,0,3.90748139872605,163.775371120061
"1357",1,0,1,1.84262026967826,108.154567888968
"1358",0,1,1,5.92163325830854,152.921457825047
"1359",1,1,0,2.51032490476669,156.698703011232
"1360",0,0,1,4.29135712649563,159.93057618454
"1361",1,0,1,4.23739214212174,147.473988204293
"1362",0,1,1,5.22189347856018,192.342372797682
"1363",1,1,0,2.4489551734665,100.884756184567
"1364",1,1,1,4.29370204210359,157.705839015328
"1365",0,1,1,6.04018885319787,170.361709808665
"1366",0,1,0,4.30857419477487,141.178361689114
"1367",1,1,0,1.0771479582924,92.5973365356877
"1368",0,0,0,3.54063427556702,139.221266557159
"1369",0,0,0,2.32021108987844,98.1548671499044
"1370",0,0,1,3.88280759382022,126.468999651258
"1371",0,1,1,5.14166949173687,166.409803475587
"1372",1,1,0,1.93956747316677,136.173719440178
"1373",0,0,0,1.41025433328432,71.1099770771645
"1374",1,0,0,0.265133549067819,118.623173610786
"1375",0,1,1,6.17471100037965,151.558675336019
"1376",0,1,1,5.27891924404179,190.591193088604
"1377",0,0,0,3.47966577144931,132.484328966996
"1378",0,1,1,4.91617837394109,122.14981118567
"1379",0,1,1,5.55408635345697,163.925067399957
"1380",0,0,0,3.12338728390893,165.539125568433
"1381",0,1,0,4.96783255999558,134.741414532936
"1382",0,0,1,4.04073031313382,164.51739196258
"1383",0,0,0,2.24007538939466,136.865065980915
"1384",0,0,0,3.79713251981219,159.180837031299
"1385",1,1,0,2.91369961862112,167.298745424487
"1386",1,0,0,0,85.910299003536
"1387",1,1,1,2.98120278627167,104.441733906345
"1388",0,1,1,6.59205216517082,190.222113862763
"1389",0,1,0,3.1133583657633,113.738148136248
"1390",0,0,1,4.45896892771043,131.20067764266
"1391",1,0,1,1.85731880937781,125.547860803742
"1392",0,1,0,1.09112910154418,93.7704552547688
"1393",1,1,0,2.88095732292698,146.894616535955
"1394",1,1,0,2.91868562854386,145.184720155973
"1395",1,1,1,2.42715165306272,128.204406383957
"1396",0,1,0,3.40210120554325,143.589890504529
"1397",0,0,1,4.35714909962328,138.809141319616
"1398",0,1,0,5.33029951476686,169.289156459199
"1399",0,0,0,2.22382865386776,140.231912676039
"1400",0,0,0,2.02893236982323,129.181808409244
"1401",0,1,1,4.90733351889547,167.306648847732
"1402",0,1,1,6.1546298761721,117.8735640557
"1403",0,1,1,3.6710020753212,103.20576522792
"1404",0,0,0,1.19778523463202,113.557376326055
"1405",0,1,0,3.10453984526635,156.470999166769
"1406",0,1,1,6.04473907543998,147.018785978511
"1407",0,0,0,0.347126474865806,106.57422389622
"1408",0,0,1,4.59352354141111,131.394900538227
"1409",0,0,0,1.35950709183509,94.8528829427873
"1410",0,1,0,5.11230261354542,184.05984179527
"1411",0,1,0,2.5668513076386,118.749622750375
"1412",0,1,1,6.51015039830347,165.177406419845
"1413",0,1,1,6.64511360634376,200.297880808412
"1414",1,1,0,2.39879787566682,127.322488588365
"1415",0,1,1,4.59424909380411,152.031039395745
"1416",1,0,1,2.47781856223023,130.224049805767
"1417",0,1,1,6.92798648872007,175.790131173272
"1418",0,1,0,2.90854973917751,132.530964226624
"1419",0,1,0,1.89732209469461,103.701157367739
"1420",0,1,0,3.15810161190368,114.122812358222
"1421",1,1,0,0.732547977075708,101.07527944608
"1422",1,0,0,2.6780909367217,152.17384034337
"1423",1,1,0,2.88130134792297,167.068490728483
"1424",0,1,0,3.54201975603606,125.926570894156
"1425",0,1,0,4.50197252662729,144.953227373619
"1426",1,1,0,1.54742082848577,95.5221213049026
"1427",1,1,1,5.04945962340362,164.683005689164
"1428",1,1,1,5.3637233293311,149.709377053143
"1429",0,1,1,6.94256434116714,196.42495912147
"1430",0,0,0,2.43064894787233,126.376077562575
"1431",0,1,0,2.56220411990711,134.936698284384
"1432",0,0,1,5.06532609778982,148.629342342588
"1433",0,1,1,6.35266843821876,201.026904082059
"1434",0,0,0,0.24954710426115,41.1161233466977
"1435",0,1,1,5.46779688907455,158.951975003746
"1436",1,0,1,1.94083469405018,132.124891916585
"1437",0,1,1,5.22086901934021,161.613678481881
"1438",1,1,1,4.22289034529026,132.523978313027
"1439",0,0,1,3.73287353212613,90.6212729744789
"1440",0,1,1,5.86097435863824,165.129130208635
"1441",0,1,0,2.06403348148774,96.3796996110023
"1442",0,1,1,5.12851212913767,124.308096633051
"1443",1,1,1,4.38764889144287,173.0169756403
"1444",1,1,0,1.00473344955301,91.6320227777946
"1445",1,1,1,3.79662443427473,148.020346426739
"1446",0,0,0,1.83663736837677,117.875723019796
"1447",0,1,0,4.62625303997241,124.914855131183
"1448",0,0,0,0,134.009942906752
"1449",0,1,1,4.26180898993914,165.408980723796
"1450",0,0,1,3.20742932720821,90.3734705045555
"1451",1,1,1,4.34789950914398,159.089996352549
"1452",0,0,0,1.74863676597086,133.573174120788
"1453",0,0,1,3.48511161981936,158.697820042666
"1454",0,1,1,3.82304966403081,127.293866602238
"1455",0,0,1,3.16511949809249,125.136340921142
"1456",0,1,0,2.1378328372946,101.675174945972
"1457",0,1,1,4.84303615277541,122.105754893333
"1458",1,1,0,3.02323765804605,205.622424866245
"1459",0,1,1,4.78764122756245,155.154637478067
"1460",0,1,0,2.56611581203608,103.493932163612
"1461",0,1,1,7.19475991827848,199.76443334882
"1462",1,1,0,1.33326654263912,138.017703810477
"1463",0,1,1,6.03972554465543,152.031494664326
"1464",0,0,1,5.20206079413686,155.896378805744
"1465",0,0,0,0.588991394407715,132.967170557257
"1466",1,1,0,2.1085230583184,110.804395419477
"1467",0,0,0,1.33514478526496,109.415969739465
"1468",0,1,0,3.19566953370637,118.503766181067
"1469",0,1,0,4.40878349337152,155.238807236188
"1470",1,1,1,5.7424453807516,184.001580808064
"1471",1,1,1,4.29140652542101,145.458422534334
"1472",0,1,0,3.78126369515586,115.259022448958
"1473",0,1,1,5.20855773485448,114.615976830971
"1474",0,1,0,2.84971862491841,119.582792415571
"1475",0,1,1,5.52378039622696,127.927959820938
"1476",0,1,0,3.64265009488612,125.414460393613
"1477",0,1,0,3.2853584329031,118.516689850683
"1478",0,0,1,2.98975543174787,144.508439771043
"1479",0,0,1,4.67688188294732,178.584550945086
"1480",0,1,0,3.8183722664379,119.00989648002
"1481",0,1,1,4.51470601573793,129.428380883901
"1482",0,1,1,6.11959893092348,162.407707597957
"1483",1,1,1,4.78700505262406,110.948185805717
"1484",1,0,1,4.12362253703378,191.085474003849
"1485",1,1,1,4.58668932218481,166.647971086407
"1486",0,1,1,6.20203689470029,152.949375294914
"1487",1,0,0,0.478769173435128,97.3849993281526
"1488",1,1,1,5.7703972173647,180.291196537472
"1489",0,1,0,2.79695039709134,113.707484498613
"1490",0,0,1,2.902153084971,100.70834067627
"1491",0,1,0,3.80990909198884,95.252790987331
"1492",1,0,0,0.376640315193652,123.148647136527
"1493",1,1,0,1.90198693021915,145.843117238815
"1494",0,1,0,4.0447270661028,153.207310147955
"1495",0,1,0,2.44291526191997,116.149357695769
"1496",0,1,0,3.09061715478896,111.2166434863
"1497",1,0,1,2.54535270010895,146.925055468468
"1498",0,1,0,5.25116449712674,145.345515083478
"1499",0,1,0,3.82246026199743,126.496684689178
"1500",0,1,0,2.86221646381807,122.556290087898
